branch_id,from_bus,to_bus,base_closed,r_pu,x_pu
9,9,10,1,0.06513780013926013,0.046170471363077094
14,14,15,1,0.03687398456159265,0.032818470185106155
28,28,29,1,0.05017607171646838,0.04371220572563759
31,31,32,1,0.019372880213831673,0.02257985619769946
33,21,8,0,0.12478505773804621,0.12478505773804621
