branch_id,from_bus,to_bus,base_closed,r_pu,x_pu
10,10,11,1,0.011679881404281126,0.00386209753699253
20,20,21,1,0.021313287861658294,0.007044116509312709
58,58,59,1,0.01897980728195683,0.006276688404223724
61,61,62,1,0.006077032311842851,0.003094669431903546
71,15,46,0,0.062392528869023106,0.031196264434511553
