,objective,EENS_MWh,CVaR_MWh,Expected_RI,SAIDI_h_per_customer,ASAI
count,4028.0,4028.0,4028.0,4028.0,4028.0,4028.0
mean,870.5080303593891,1.6514315490343234,8.837781051417934,0.8592011323256812,0.6492194785479066,0.9999258881873805
std,498.6568888461925,0.8370224698754529,2.7991577201795557,0.11439304566097926,0.26546530945879326,3.0304259070638067e-05
min,410.2757455624217,0.9080670990205174,6.2031769442009566,0.4575837920774553,0.3950642302899138,0.9998102149410708
25%,460.0924672431682,0.971062390833053,7.788876516753934,0.8297088586158345,0.42344447364441185,0.9999072289355337
50%,707.9635170324373,1.3597943707953202,8.14213332836046,0.9122904086024812,0.5353497617431978,0.9999388870134996
75%,1226.490919872128,2.3487235803754167,9.314022704643026,0.9302909855559683,0.8126745247244477,0.9999516615897667
max,2837.4949027879434,5.1971084279403055,20.63384042145248,0.9380325143333859,1.6625171162196168,0.9999549013435742
