case,rho,open_branches,objective,EENS_MWh,CVaR_MWh,Worst_ENS_MWh,Expected_RI,SAIDI_h_per_customer,search_runtime_s
ieee33,0.0,6-10-32-34-37,471.6223054652521,1.0372522695849586,8.754332536079803,8.754332536079803,0.9227437055955726,0.3050990376632429,682.3152101039886
ieee69,0.0,10-20-58-61-71,410.2757455624217,0.9082509136672585,7.98439545913795,7.98439545913795,0.9380293491993584,0.3955445395945153,3129.30051612854
ieee33,500.0,9-14-28-31-33,751.4529623146632,1.1567651363806797,4.879399503038477,4.910837498484383,0.9127670049333826,0.33994255375262966,694.3915317058563
ieee69,500.0,20-58-61-69-71,712.8468872983563,0.9384879005725715,5.6299233576147465,6.2031769442009566,0.930989323223195,0.4144788189954303,3144.5172741413116
ieee33,1000.0,9-14-28-31-33,995.422937466587,1.1567651363806797,4.879399503038477,4.910837498484383,0.9127670049333826,0.33994255375262966,666.0206518173218
ieee69,1000.0,20-58-61-69-71,994.3430551790937,0.9384879005725715,5.6299233576147465,6.2031769442009566,0.930989323223195,0.4144788189954303,3141.831297636032
