branch_id,from_bus,to_bus,base_closed,r_pu,x_pu
6,6,7,1,0.011679881404281126,0.0386084968641515
10,10,11,1,0.012266371175649942,0.004055514376486502
32,32,33,1,0.02127585234433688,0.03308051880635605
34,9,15,0,0.12478505773804621,0.12478505773804621
37,25,29,0,0.031196264434511553,0.031196264434511553
